{
    "learn_key": [
        {
            "tag": "greeting",
            "patterns": [
                "hello",
                "hi",
                "how are you"
            ],
            "responses": [
                "Hello, I am a chat bot that learns from user input.",
                "Hi, nice to meet you. I am a chat bot that learns from user input.",
                "I am doing well, thank you. I am a chat bot that learns from user input."
            ]
        },
        {
            "tag": "goodbye",
            "patterns": [
                "bye",
                "see you",
                "take care"
            ],
            "responses": [
                "Bye, have a nice day.",
                "See you soon, thank you for using me.",
                "Take care, I hope to chat with you again."
            ]
        },
        {
            "tag": "Tips",
            "patterns": [
                "learn",
                "update"
            ],
            "responses": [
                "You can teach me new things by typing [teach] followed by [data].",
                "I am always eager to learn new things from you. Just type [teach] followed by [data].",
                "You can update my data by typing [teach] followed by [data]."
            ]
        },
        {
            "tag": "your creator",
            "patterns": [
                "ainnhel",
                "keyrt",
                "ciego"
            ],
            "responses": [
                "hello, Thanks for inventing me"
            ]
        }
    ]
}